Methods,SVHN-FPR,SVHN-AUROC,places365-FPR,places365-AUROC,LSUN-FPR,LSUN-AUROC,iSUN-FPR,iSUN-AUROC,dtd-FPR,dtd-AUROC,AVG-FPR,AVG-AUROC
top5-palm-cache6-ema0.999,5.1475107559926245,99.04195240473264,75.28,81.76322199999998,46.72,92.37722749999999,67.05882352941175,87.30423921568628,46.790780141843975,91.08602570921987,48.19942288544968,90.31453336592776
top5-palm-cache6-ema0.999,36.916103257529194,93.5115574537632,88.1,71.41185636363636,87.55,82.23985363636363,94.40896358543417,66.55105576776165,73.45744680851064,79.31920212765958,76.0865027302948,78.60670506983689
top5-palm-cache6-ema0.999,5.9350030731407495,98.6272144074426,84.47,74.11453363636363,68.19,85.09473909090907,79.13725490196079,79.50308734402851,63.351063829787236,82.87546905222437,60.21666436097777,84.04300870619365
top5-palm-cache6-ema0.999,2.704363859864782,99.3621399536235,64.38000000000001,81.48732999999999,20.25,96.0301927272727,31.80952380952381,93.25776827094474,37.5531914893617,91.55847840103158,31.33941583175006,92.33918187057452
top5-palm-cache6-ema0.999,2.704363859864782,99.3621399536235,64.38000000000001,81.48732999999999,20.25,96.0301927272727,31.80952380952381,93.25776827094474,37.5531914893617,91.55847840103158,31.33941583175006,92.33918187057452
top5-palm-cache6-ema0.999,16.452827289489857,96.30238622394815,78.97,77.96109181818183,65.67,85.50743090909091,69.65826330532214,86.40152686529157,52.99645390070922,88.45904577691812,56.74950889910424,86.92629631868613
