{
  "1": {
    "overall": 0.85,
    "new": 0.85,
    "old": null
  },
  "2": {
    "overall": 0.738,
    "new": 0.718,
    "old": 0.758
  },
  "3": {
    "overall": 0.6973333333333334,
    "new": 0.7,
    "old": 0.696
  },
  "4": {
    "overall": 0.6205,
    "new": 0.62,
    "old": 0.6206666666666667
  },
  "5": {
    "overall": 0.5556,
    "new": 0.462,
    "old": 0.579
  },
  "6": {
    "overall": 0.507,
    "new": 0.486,
    "old": 0.5112
  }
}