{
  "1": {
    "overall": 0.862,
    "new": 0.862,
    "old": null
  },
  "2": {
    "overall": 0.705,
    "new": 0.718,
    "old": 0.692
  },
  "3": {
    "overall": 0.6473333333333333,
    "new": 0.738,
    "old": 0.602
  },
  "4": {
    "overall": 0.586,
    "new": 0.706,
    "old": 0.546
  },
  "5": {
    "overall": 0.528,
    "new": 0.534,
    "old": 0.5265
  },
  "6": {
    "overall": 0.4643333333333333,
    "new": 0.642,
    "old": 0.4288
  }
}