{
  "1": {
    "overall": 0.846,
    "new": 0.846,
    "old": null
  },
  "2": {
    "overall": 0.769,
    "new": 0.742,
    "old": 0.796
  },
  "3": {
    "overall": 0.7326666666666667,
    "new": 0.704,
    "old": 0.747
  },
  "4": {
    "overall": 0.6695,
    "new": 0.698,
    "old": 0.66
  },
  "5": {
    "overall": 0.6012,
    "new": 0.45,
    "old": 0.639
  },
  "6": {
    "overall": 0.5663333333333334,
    "new": 0.598,
    "old": 0.56
  }
}