{
  "1": {
    "overall": 0.922,
    "new": 0.922,
    "old": null
  },
  "2": {
    "overall": 0.885,
    "new": 0.886,
    "old": 0.884
  },
  "3": {
    "overall": 0.8466666666666667,
    "new": 0.84,
    "old": 0.85
  },
  "4": {
    "overall": 0.8365,
    "new": 0.836,
    "old": 0.8366666666666667
  }
}