{
  "1": {
    "overall": 0.844,
    "new": 0.844,
    "old": null
  },
  "2": {
    "overall": 0.711,
    "new": 0.672,
    "old": 0.75
  },
  "3": {
    "overall": 0.6593333333333333,
    "new": 0.674,
    "old": 0.652
  },
  "4": {
    "overall": 0.6185,
    "new": 0.67,
    "old": 0.6013333333333334
  },
  "5": {
    "overall": 0.5648,
    "new": 0.462,
    "old": 0.5905
  },
  "6": {
    "overall": 0.532,
    "new": 0.586,
    "old": 0.5212
  }
}