{
  "1": {
    "overall": 0.866,
    "new": 0.866,
    "old": null
  },
  "2": {
    "overall": 0.731,
    "new": 0.738,
    "old": 0.724
  },
  "3": {
    "overall": 0.6446666666666667,
    "new": 0.594,
    "old": 0.67
  },
  "4": {
    "overall": 0.5945,
    "new": 0.646,
    "old": 0.5773333333333334
  }
}