{
  "1": {
    "overall": 0.848,
    "new": 0.848,
    "old": null
  },
  "2": {
    "overall": 0.732,
    "new": 0.698,
    "old": 0.766
  },
  "3": {
    "overall": 0.7153333333333334,
    "new": 0.73,
    "old": 0.708
  },
  "4": {
    "overall": 0.6515,
    "new": 0.664,
    "old": 0.6473333333333333
  }
}