{
  "1": {
    "overall": 0.814,
    "new": 0.814,
    "old": null
  },
  "2": {
    "overall": 0.662,
    "new": 0.616,
    "old": 0.708
  },
  "3": {
    "overall": 0.6186666666666667,
    "new": 0.67,
    "old": 0.593
  },
  "4": {
    "overall": 0.5615,
    "new": 0.616,
    "old": 0.5433333333333333
  },
  "5": {
    "overall": 0.51,
    "new": 0.402,
    "old": 0.537
  },
  "6": {
    "overall": 0.49833333333333335,
    "new": 0.598,
    "old": 0.4784
  }
}