{
  "1": {
    "overall": 0.862,
    "new": 0.862,
    "old": null
  },
  "2": {
    "overall": 0.704,
    "new": 0.72,
    "old": 0.688
  },
  "3": {
    "overall": 0.644,
    "new": 0.744,
    "old": 0.594
  },
  "4": {
    "overall": 0.59,
    "new": 0.688,
    "old": 0.5573333333333333
  },
  "5": {
    "overall": 0.5228,
    "new": 0.552,
    "old": 0.5155
  },
  "6": {
    "overall": 0.45666666666666667,
    "new": 0.62,
    "old": 0.424
  }
}