{
  "1": {
    "overall": 0.848,
    "new": 0.848,
    "old": null
  },
  "2": {
    "overall": 0.781,
    "new": 0.754,
    "old": 0.808
  },
  "3": {
    "overall": 0.7186666666666667,
    "new": 0.71,
    "old": 0.723
  },
  "4": {
    "overall": 0.671,
    "new": 0.682,
    "old": 0.6673333333333333
  }
}