{
  "1": {
    "overall": 0.816,
    "new": 0.816,
    "old": null
  },
  "2": {
    "overall": 0.682,
    "new": 0.668,
    "old": 0.696
  },
  "3": {
    "overall": 0.622,
    "new": 0.692,
    "old": 0.587
  },
  "4": {
    "overall": 0.5645,
    "new": 0.61,
    "old": 0.5493333333333333
  },
  "5": {
    "overall": 0.5164,
    "new": 0.41,
    "old": 0.543
  },
  "6": {
    "overall": 0.4756666666666667,
    "new": 0.542,
    "old": 0.4624
  }
}