{
  "1": {
    "overall": 0.814,
    "new": 0.814,
    "old": null
  },
  "2": {
    "overall": 0.664,
    "new": 0.62,
    "old": 0.708
  },
  "3": {
    "overall": 0.6186666666666667,
    "new": 0.672,
    "old": 0.592
  },
  "4": {
    "overall": 0.562,
    "new": 0.604,
    "old": 0.548
  },
  "5": {
    "overall": 0.5016,
    "new": 0.39,
    "old": 0.5295
  },
  "6": {
    "overall": 0.49166666666666664,
    "new": 0.594,
    "old": 0.4712
  }
}