{
  "1": {
    "overall": 0.812,
    "new": 0.812,
    "old": null
  },
  "2": {
    "overall": 0.679,
    "new": 0.664,
    "old": 0.694
  },
  "3": {
    "overall": 0.6233333333333333,
    "new": 0.692,
    "old": 0.589
  },
  "4": {
    "overall": 0.569,
    "new": 0.626,
    "old": 0.55
  },
  "5": {
    "overall": 0.5248,
    "new": 0.426,
    "old": 0.5495
  },
  "6": {
    "overall": 0.47933333333333333,
    "new": 0.538,
    "old": 0.4676
  }
}