{
  "1": {
    "overall": 0.848,
    "new": 0.848,
    "old": null
  },
  "2": {
    "overall": 0.72,
    "new": 0.698,
    "old": 0.742
  },
  "3": {
    "overall": 0.6826666666666666,
    "new": 0.714,
    "old": 0.667
  },
  "4": {
    "overall": 0.628,
    "new": 0.638,
    "old": 0.6246666666666667
  }
}