{
  "1": {
    "overall": 0.842,
    "new": 0.842,
    "old": null
  },
  "2": {
    "overall": 0.75,
    "new": 0.702,
    "old": 0.798
  },
  "3": {
    "overall": 0.7006666666666667,
    "new": 0.664,
    "old": 0.719
  },
  "4": {
    "overall": 0.6575,
    "new": 0.7,
    "old": 0.6433333333333333
  },
  "5": {
    "overall": 0.5884,
    "new": 0.426,
    "old": 0.629
  },
  "6": {
    "overall": 0.5596666666666666,
    "new": 0.616,
    "old": 0.5484
  }
}