{
  "1": {
    "overall": 0.848,
    "new": 0.848,
    "old": null
  },
  "2": {
    "overall": 0.776,
    "new": 0.75,
    "old": 0.802
  },
  "3": {
    "overall": 0.7173333333333334,
    "new": 0.708,
    "old": 0.722
  },
  "4": {
    "overall": 0.674,
    "new": 0.682,
    "old": 0.6713333333333333
  }
}