{
  "1": {
    "overall": 0.848,
    "new": 0.848,
    "old": null
  },
  "2": {
    "overall": 0.717,
    "new": 0.684,
    "old": 0.75
  },
  "3": {
    "overall": 0.7086666666666667,
    "new": 0.724,
    "old": 0.701
  },
  "4": {
    "overall": 0.641,
    "new": 0.67,
    "old": 0.6313333333333333
  }
}