{
  "1": {
    "overall": 0.864,
    "new": 0.864,
    "old": null
  },
  "2": {
    "overall": 0.727,
    "new": 0.734,
    "old": 0.72
  },
  "3": {
    "overall": 0.6293333333333333,
    "new": 0.596,
    "old": 0.646
  },
  "4": {
    "overall": 0.608,
    "new": 0.738,
    "old": 0.5646666666666667
  }
}