{
  "1": {
    "overall": 0.848,
    "new": 0.848,
    "old": null
  },
  "2": {
    "overall": 0.752,
    "new": 0.712,
    "old": 0.792
  },
  "3": {
    "overall": 0.7226666666666667,
    "new": 0.722,
    "old": 0.723
  },
  "4": {
    "overall": 0.6615,
    "new": 0.676,
    "old": 0.6566666666666666
  }
}