{
  "1": {
    "overall": 0.816,
    "new": 0.816,
    "old": null
  },
  "2": {
    "overall": 0.683,
    "new": 0.67,
    "old": 0.696
  },
  "3": {
    "overall": 0.6233333333333333,
    "new": 0.692,
    "old": 0.589
  },
  "4": {
    "overall": 0.57,
    "new": 0.626,
    "old": 0.5513333333333333
  },
  "5": {
    "overall": 0.522,
    "new": 0.422,
    "old": 0.547
  },
  "6": {
    "overall": 0.478,
    "new": 0.536,
    "old": 0.4664
  }
}