{
  "1": {
    "overall": 0.862,
    "new": 0.862,
    "old": null
  },
  "2": {
    "overall": 0.751,
    "new": 0.724,
    "old": 0.778
  },
  "3": {
    "overall": 0.6066666666666667,
    "new": 0.522,
    "old": 0.649
  },
  "4": {
    "overall": 0.495,
    "new": 0.468,
    "old": 0.504
  },
  "5": {
    "overall": 0.4072,
    "new": 0.342,
    "old": 0.4235
  },
  "6": {
    "overall": 0.4266666666666667,
    "new": 0.456,
    "old": 0.4208
  }
}