{
  "1": {
    "overall": 0.862,
    "new": 0.862,
    "old": null
  },
  "2": {
    "overall": 0.746,
    "new": 0.814,
    "old": 0.678
  },
  "3": {
    "overall": 0.66,
    "new": 0.778,
    "old": 0.601
  },
  "4": {
    "overall": 0.5985,
    "new": 0.778,
    "old": 0.5386666666666666
  },
  "5": {
    "overall": 0.5116,
    "new": 0.586,
    "old": 0.493
  },
  "6": {
    "overall": 0.4766666666666667,
    "new": 0.688,
    "old": 0.4344
  }
}