{
  "1": {
    "overall": 0.864,
    "new": 0.864,
    "old": null
  },
  "2": {
    "overall": 0.73,
    "new": 0.726,
    "old": 0.734
  },
  "3": {
    "overall": 0.6353333333333333,
    "new": 0.602,
    "old": 0.652
  },
  "4": {
    "overall": 0.594,
    "new": 0.688,
    "old": 0.5626666666666666
  }
}