{
  "1": {
    "overall": 0.862,
    "new": 0.862,
    "old": null
  },
  "2": {
    "overall": 0.744,
    "new": 0.812,
    "old": 0.676
  },
  "3": {
    "overall": 0.654,
    "new": 0.778,
    "old": 0.592
  },
  "4": {
    "overall": 0.5975,
    "new": 0.778,
    "old": 0.5373333333333333
  },
  "5": {
    "overall": 0.5156,
    "new": 0.578,
    "old": 0.5
  },
  "6": {
    "overall": 0.4666666666666667,
    "new": 0.686,
    "old": 0.4228
  }
}