{
  "1": {
    "overall": 0.862,
    "new": 0.862,
    "old": null
  },
  "2": {
    "overall": 0.712,
    "new": 0.644,
    "old": 0.78
  },
  "3": {
    "overall": 0.7233333333333334,
    "new": 0.728,
    "old": 0.721
  },
  "4": {
    "overall": 0.588,
    "new": 0.64,
    "old": 0.5706666666666667
  },
  "5": {
    "overall": 0.4772,
    "new": 0.302,
    "old": 0.521
  },
  "6": {
    "overall": 0.4693333333333333,
    "new": 0.464,
    "old": 0.4704
  }
}