{
  "1": {
    "overall": 0.844,
    "new": 0.844,
    "old": null
  },
  "2": {
    "overall": 0.706,
    "new": 0.66,
    "old": 0.752
  },
  "3": {
    "overall": 0.6893333333333334,
    "new": 0.696,
    "old": 0.686
  },
  "4": {
    "overall": 0.621,
    "new": 0.62,
    "old": 0.6213333333333333
  },
  "5": {
    "overall": 0.5664,
    "new": 0.476,
    "old": 0.589
  },
  "6": {
    "overall": 0.532,
    "new": 0.626,
    "old": 0.5132
  }
}