{
  "1": {
    "overall": 0.862,
    "new": 0.862,
    "old": null
  },
  "2": {
    "overall": 0.731,
    "new": 0.708,
    "old": 0.754
  },
  "3": {
    "overall": 0.6133333333333333,
    "new": 0.586,
    "old": 0.627
  },
  "4": {
    "overall": 0.5625,
    "new": 0.674,
    "old": 0.5253333333333333
  }
}