{
  "1": {
    "overall": 0.85,
    "new": 0.85,
    "old": null
  },
  "2": {
    "overall": 0.739,
    "new": 0.718,
    "old": 0.76
  },
  "3": {
    "overall": 0.6973333333333334,
    "new": 0.7,
    "old": 0.696
  },
  "4": {
    "overall": 0.6185,
    "new": 0.612,
    "old": 0.6206666666666667
  },
  "5": {
    "overall": 0.5532,
    "new": 0.456,
    "old": 0.5775
  },
  "6": {
    "overall": 0.5053333333333333,
    "new": 0.486,
    "old": 0.5092
  }
}